"","gdd_cum","cultivar","county","treatment","srad","tmax","q","tmean","diff_rad"
"gdd_cum",0.242412229891581,0.114705343942684,0.0572542369031076,0.0243749425692041,0.0111328764270129,0.007233691455912,0.0066676903694514,0.00654184555307791,0.00339410819509949
"cultivar",0.114705343942684,0.169102926651194,0.0187660999190946,0.010375424554703,0.0121098840202821,0.00617706892377632,0.0052940526556403,0.00570782756180152,0.00288677032365737
"county",0.0572542369031076,0.0187660999190946,0.0504930927171597,0.00829472223379,0.00571001434368508,0.00426854363672121,0.00158508938455311,0.00195254553415935,0.00152779311583891
"treatment",0.0243749425692041,0.010375424554703,0.00829472223379,0.0251752249731223,0.00248196191348444,0.00199431938931943,0.00422455062674615,0.00240940483285734,0.000881309285457215
"srad",0.0111328764270129,0.0121098840202821,0.00571001434368508,0.00248196191348444,0.0142830224247452,0.00209186533566432,0.000751222817143352,0.00170746972926499,0.000444288368694666
"tmax",0.007233691455912,0.00617706892377632,0.00426854363672121,0.00199431938931943,0.00209186533566432,0.00986259381434776,0.0016693438273314,0.000352186385596609,0.000333296067209191
"q",0.0066676903694514,0.0052940526556403,0.00158508938455311,0.00422455062674615,0.000751222817143352,0.0016693438273314,0.00143310354843189,0.00332041004959418,0.00143779594510674
"tmean",0.00654184555307791,0.00570782756180152,0.00195254553415935,0.00240940483285734,0.00170746972926499,0.000352186385596609,0.00332041004959418,0.00133776158133565,0.000505939669105113
"diff_rad",0.00339410819509949,0.00288677032365737,0.00152779311583891,0.000881309285457215,0.000444288368694666,0.000333296067209191,0.00143779594510674,0.000505939669105113,0.0109075731366188
