"","gdd_cum","cultivar","county","treatment","tmean","tmax","q","srad","diff_rad"
"gdd_cum",0.267525330411901,0.0835882972433921,0.044363465111415,0.0126121451660452,0.00550108575921919,0.00782409626575032,0.00319111981390404,0.00401194006660926,0.00252550335603864
"cultivar",0.0835882972433921,0.127496815218669,0.0164070584260252,0.0206397151380815,0.00257508127979892,0.00231156501741273,0.00145451495587477,0.00145922842538686,0.000251395065962188
"county",0.044363465111415,0.0164070584260252,0.0524732860308207,0.00613136666818858,0.00326365760704237,0.00148719515654251,0.00113973820036035,0.000607402094537436,0.000560224115157039
"treatment",0.0126121451660452,0.0206397151380815,0.00613136666818858,0.0235796658440719,0.00179038264134886,0.00111323234754558,0.00253452387333835,0.00131534508829869,0.00133302901902225
"tmean",0.00550108575921919,0.00257508127979892,0.00326365760704237,0.00179038264134886,0.00174526482058918,0.000580759289621503,0.000797074276798561,0.00039750339955627,0.000769717885404587
"tmax",0.00782409626575032,0.00231156501741273,0.00148719515654251,0.00111323234754558,0.000580759289621503,0.0023837039885619,0.000488860320019361,0.000493224234245624,0.000239643159369535
"q",0.00319111981390404,0.00145451495587477,0.00113973820036035,0.00253452387333835,0.000797074276798561,0.000488860320019361,0.00061021604268284,0.000211148868625643,0.000231019680872168
"srad",0.00401194006660926,0.00145922842538686,0.000607402094537436,0.00131534508829869,0.00039750339955627,0.000493224234245624,0.000211148868625643,0.00219965717368256,0.000721022122234717
"diff_rad",0.00252550335603864,0.000251395065962188,0.000560224115157039,0.00133302901902225,0.000769717885404587,0.000239643159369535,0.000231019680872168,0.000721022122234717,0.000582581934950449
